template,variant,slide,title,q1,q2,q3,q4,q5,q6,q7,q8,q9,q10,q11,finding_codes,render_png
VK Tech шаблон.pptx,balanced,1,Пилот ИИ-помощника по внутренним регламентам,na,yes,na,yes,na,na,yes,yes,yes,na,na,,slide-workspace/fill-final-2026-09-24/presentations/pilot-ii-pomoschnika-po-vnutrennim-reglamentam-20260924-234547/exports/slide-1.png
VK Tech шаблон.pptx,balanced,2,Проблема и нагрузка,no,yes,yes,yes,yes,yes,yes,yes,yes,na,yes,topic_heading_not_claim,slide-workspace/fill-final-2026-09-24/presentations/pilot-ii-pomoschnika-po-vnutrennim-reglamentam-20260924-234547/exports/slide-2.png
VK Tech шаблон.pptx,balanced,3,Сотрудник и специалист поддержки,no,yes,yes,yes,yes,yes,yes,yes,yes,na,yes,topic_heading_not_claim;small_image_slide_text,slide-workspace/fill-final-2026-09-24/presentations/pilot-ii-pomoschnika-po-vnutrennim-reglamentam-20260924-234547/exports/slide-3.png
VK Tech шаблон.pptx,balanced,4,Предлагаемое решение,no,yes,yes,yes,yes,yes,yes,yes,yes,na,yes,topic_heading_not_claim,slide-workspace/fill-final-2026-09-24/presentations/pilot-ii-pomoschnika-po-vnutrennim-reglamentam-20260924-234547/exports/slide-4.png
VK Tech шаблон.pptx,balanced,5,Путь обращения,no,yes,yes,yes,yes,yes,yes,yes,yes,na,yes,topic_heading_not_claim,slide-workspace/fill-final-2026-09-24/presentations/pilot-ii-pomoschnika-po-vnutrennim-reglamentam-20260924-234547/exports/slide-5.png
VK Tech шаблон.pptx,balanced,6,Внутренний контур и риски,no,yes,yes,yes,yes,yes,yes,yes,yes,na,yes,topic_heading_not_claim;small_image_slide_text,slide-workspace/fill-final-2026-09-24/presentations/pilot-ii-pomoschnika-po-vnutrennim-reglamentam-20260924-234547/exports/slide-6.png
VK Tech шаблон.pptx,balanced,7,Границы пилота,no,yes,yes,yes,yes,yes,yes,yes,yes,na,yes,topic_heading_not_claim,slide-workspace/fill-final-2026-09-24/presentations/pilot-ii-pomoschnika-po-vnutrennim-reglamentam-20260924-234547/exports/slide-7.png
VK Tech шаблон.pptx,balanced,8,Критерии успеха,no,yes,yes,yes,yes,yes,yes,yes,yes,na,yes,topic_heading_not_claim,slide-workspace/fill-final-2026-09-24/presentations/pilot-ii-pomoschnika-po-vnutrennim-reglamentam-20260924-234547/exports/slide-8.png
VK Tech шаблон.pptx,balanced,9,Решение и команда,no,yes,yes,yes,yes,yes,yes,yes,yes,na,yes,topic_heading_not_claim,slide-workspace/fill-final-2026-09-24/presentations/pilot-ii-pomoschnika-po-vnutrennim-reglamentam-20260924-234547/exports/slide-9.png
VK Tech шаблон.pptx,balanced,10,Спасибо,na,yes,na,na,na,na,yes,yes,yes,na,na,,slide-workspace/fill-final-2026-09-24/presentations/pilot-ii-pomoschnika-po-vnutrennim-reglamentam-20260924-234547/exports/slide-10.png
VK Tech шаблон.pptx,columns,1,Пилот ИИ-помощника по внутренним регламентам,na,yes,na,yes,na,na,yes,yes,yes,na,na,,slide-workspace/fill-final-2026-09-24/presentations/pilot-ii-pomoschnika-po-vnutrennim-reglamentam-20260924-234609/exports/slide-1.png
VK Tech шаблон.pptx,columns,2,Проблема и нагрузка,no,yes,yes,yes,yes,yes,yes,yes,yes,na,yes,topic_heading_not_claim,slide-workspace/fill-final-2026-09-24/presentations/pilot-ii-pomoschnika-po-vnutrennim-reglamentam-20260924-234609/exports/slide-2.png
VK Tech шаблон.pptx,columns,3,Сотрудник и специалист поддержки,no,yes,yes,yes,yes,yes,yes,yes,yes,na,yes,topic_heading_not_claim;small_image_slide_text,slide-workspace/fill-final-2026-09-24/presentations/pilot-ii-pomoschnika-po-vnutrennim-reglamentam-20260924-234609/exports/slide-3.png
VK Tech шаблон.pptx,columns,4,Предлагаемое решение,no,yes,yes,yes,yes,yes,yes,yes,yes,na,yes,topic_heading_not_claim,slide-workspace/fill-final-2026-09-24/presentations/pilot-ii-pomoschnika-po-vnutrennim-reglamentam-20260924-234609/exports/slide-4.png
VK Tech шаблон.pptx,columns,5,Путь обращения,no,yes,yes,yes,yes,yes,yes,yes,yes,na,yes,topic_heading_not_claim,slide-workspace/fill-final-2026-09-24/presentations/pilot-ii-pomoschnika-po-vnutrennim-reglamentam-20260924-234609/exports/slide-5.png
VK Tech шаблон.pptx,columns,6,Внутренний контур и риски,no,yes,yes,yes,yes,yes,yes,yes,yes,na,yes,topic_heading_not_claim;small_image_slide_text,slide-workspace/fill-final-2026-09-24/presentations/pilot-ii-pomoschnika-po-vnutrennim-reglamentam-20260924-234609/exports/slide-6.png
VK Tech шаблон.pptx,columns,7,Границы пилота,no,yes,yes,yes,yes,yes,yes,yes,yes,na,yes,topic_heading_not_claim,slide-workspace/fill-final-2026-09-24/presentations/pilot-ii-pomoschnika-po-vnutrennim-reglamentam-20260924-234609/exports/slide-7.png
VK Tech шаблон.pptx,columns,8,Критерии успеха,no,yes,yes,yes,yes,yes,yes,yes,yes,na,yes,topic_heading_not_claim,slide-workspace/fill-final-2026-09-24/presentations/pilot-ii-pomoschnika-po-vnutrennim-reglamentam-20260924-234609/exports/slide-8.png
VK Tech шаблон.pptx,columns,9,Решение и команда,no,yes,yes,yes,yes,yes,yes,yes,yes,na,yes,topic_heading_not_claim,slide-workspace/fill-final-2026-09-24/presentations/pilot-ii-pomoschnika-po-vnutrennim-reglamentam-20260924-234609/exports/slide-9.png
VK Tech шаблон.pptx,columns,10,Спасибо,na,yes,na,na,na,na,yes,yes,yes,na,na,,slide-workspace/fill-final-2026-09-24/presentations/pilot-ii-pomoschnika-po-vnutrennim-reglamentam-20260924-234609/exports/slide-10.png
VK Tech шаблон.pptx,focus,1,Пилот ИИ-помощника по внутренним регламентам,na,yes,na,yes,na,na,yes,yes,yes,na,na,,slide-workspace/fill-final-2026-09-24/presentations/pilot-ii-pomoschnika-po-vnutrennim-reglamentam-20260924-234629/exports/slide-1.png
VK Tech шаблон.pptx,focus,2,Проблема и нагрузка,no,yes,yes,yes,yes,yes,yes,yes,yes,na,yes,topic_heading_not_claim,slide-workspace/fill-final-2026-09-24/presentations/pilot-ii-pomoschnika-po-vnutrennim-reglamentam-20260924-234629/exports/slide-2.png
VK Tech шаблон.pptx,focus,3,Сотрудник и специалист поддержки,no,yes,yes,yes,yes,yes,yes,yes,yes,na,yes,topic_heading_not_claim;small_image_slide_text,slide-workspace/fill-final-2026-09-24/presentations/pilot-ii-pomoschnika-po-vnutrennim-reglamentam-20260924-234629/exports/slide-3.png
VK Tech шаблон.pptx,focus,4,Предлагаемое решение,no,yes,yes,yes,yes,yes,yes,yes,yes,na,yes,topic_heading_not_claim,slide-workspace/fill-final-2026-09-24/presentations/pilot-ii-pomoschnika-po-vnutrennim-reglamentam-20260924-234629/exports/slide-4.png
VK Tech шаблон.pptx,focus,5,Путь обращения,no,yes,yes,yes,yes,yes,yes,yes,yes,na,yes,topic_heading_not_claim,slide-workspace/fill-final-2026-09-24/presentations/pilot-ii-pomoschnika-po-vnutrennim-reglamentam-20260924-234629/exports/slide-5.png
VK Tech шаблон.pptx,focus,6,Внутренний контур и риски,no,yes,yes,yes,yes,yes,yes,yes,yes,na,yes,topic_heading_not_claim;small_image_slide_text,slide-workspace/fill-final-2026-09-24/presentations/pilot-ii-pomoschnika-po-vnutrennim-reglamentam-20260924-234629/exports/slide-6.png
VK Tech шаблон.pptx,focus,7,Границы пилота,no,yes,yes,yes,yes,yes,yes,yes,yes,na,yes,topic_heading_not_claim,slide-workspace/fill-final-2026-09-24/presentations/pilot-ii-pomoschnika-po-vnutrennim-reglamentam-20260924-234629/exports/slide-7.png
VK Tech шаблон.pptx,focus,8,Критерии успеха,no,yes,yes,yes,yes,yes,yes,yes,yes,na,yes,topic_heading_not_claim,slide-workspace/fill-final-2026-09-24/presentations/pilot-ii-pomoschnika-po-vnutrennim-reglamentam-20260924-234629/exports/slide-8.png
VK Tech шаблон.pptx,focus,9,Решение и команда,no,yes,yes,yes,yes,yes,yes,yes,yes,na,yes,topic_heading_not_claim,slide-workspace/fill-final-2026-09-24/presentations/pilot-ii-pomoschnika-po-vnutrennim-reglamentam-20260924-234629/exports/slide-9.png
VK Tech шаблон.pptx,focus,10,Спасибо,na,yes,na,na,na,na,yes,yes,yes,na,na,,slide-workspace/fill-final-2026-09-24/presentations/pilot-ii-pomoschnika-po-vnutrennim-reglamentam-20260924-234629/exports/slide-10.png
VK_WorkSpace_Клиентская_конференция_Шаблон_03.pptx,balanced,1,Пилот ИИ-помощника по внутренним регламентам,na,yes,na,yes,na,na,yes,yes,yes,na,na,,slide-workspace/fill-final-2026-09-24/presentations/pilot-ii-pomoschnika-po-vnutrennim-reglamentam-20260924-234702/exports/slide-1.png
VK_WorkSpace_Клиентская_конференция_Шаблон_03.pptx,balanced,2,Проблема и нагрузка,no,yes,yes,yes,yes,yes,yes,yes,yes,na,yes,topic_heading_not_claim,slide-workspace/fill-final-2026-09-24/presentations/pilot-ii-pomoschnika-po-vnutrennim-reglamentam-20260924-234702/exports/slide-2.png
VK_WorkSpace_Клиентская_конференция_Шаблон_03.pptx,balanced,3,Сотрудник и специалист поддержки,no,yes,yes,yes,yes,yes,yes,yes,yes,na,yes,topic_heading_not_claim;narrow_image_text_column,slide-workspace/fill-final-2026-09-24/presentations/pilot-ii-pomoschnika-po-vnutrennim-reglamentam-20260924-234702/exports/slide-3.png
VK_WorkSpace_Клиентская_конференция_Шаблон_03.pptx,balanced,4,Предлагаемое решение,no,yes,yes,yes,yes,yes,yes,yes,yes,na,yes,topic_heading_not_claim,slide-workspace/fill-final-2026-09-24/presentations/pilot-ii-pomoschnika-po-vnutrennim-reglamentam-20260924-234702/exports/slide-4.png
VK_WorkSpace_Клиентская_конференция_Шаблон_03.pptx,balanced,5,Путь обращения,no,yes,yes,yes,yes,yes,yes,yes,yes,na,yes,topic_heading_not_claim,slide-workspace/fill-final-2026-09-24/presentations/pilot-ii-pomoschnika-po-vnutrennim-reglamentam-20260924-234702/exports/slide-5.png
VK_WorkSpace_Клиентская_конференция_Шаблон_03.pptx,balanced,6,Внутренний контур и риски,no,yes,yes,yes,yes,yes,yes,yes,yes,na,yes,topic_heading_not_claim;narrow_image_text_column,slide-workspace/fill-final-2026-09-24/presentations/pilot-ii-pomoschnika-po-vnutrennim-reglamentam-20260924-234702/exports/slide-6.png
VK_WorkSpace_Клиентская_конференция_Шаблон_03.pptx,balanced,7,Границы пилота,no,yes,yes,yes,yes,yes,yes,yes,yes,na,yes,topic_heading_not_claim,slide-workspace/fill-final-2026-09-24/presentations/pilot-ii-pomoschnika-po-vnutrennim-reglamentam-20260924-234702/exports/slide-7.png
VK_WorkSpace_Клиентская_конференция_Шаблон_03.pptx,balanced,8,Критерии успеха,no,yes,yes,yes,yes,yes,yes,yes,yes,na,yes,topic_heading_not_claim,slide-workspace/fill-final-2026-09-24/presentations/pilot-ii-pomoschnika-po-vnutrennim-reglamentam-20260924-234702/exports/slide-8.png
VK_WorkSpace_Клиентская_конференция_Шаблон_03.pptx,balanced,9,Решение и команда,no,yes,yes,yes,yes,yes,yes,yes,yes,na,yes,topic_heading_not_claim,slide-workspace/fill-final-2026-09-24/presentations/pilot-ii-pomoschnika-po-vnutrennim-reglamentam-20260924-234702/exports/slide-9.png
VK_WorkSpace_Клиентская_конференция_Шаблон_03.pptx,balanced,10,Спасибо,na,yes,na,na,na,na,yes,yes,yes,na,na,,slide-workspace/fill-final-2026-09-24/presentations/pilot-ii-pomoschnika-po-vnutrennim-reglamentam-20260924-234702/exports/slide-10.png
VK_WorkSpace_Клиентская_конференция_Шаблон_03.pptx,columns,1,Пилот ИИ-помощника по внутренним регламентам,na,yes,na,yes,na,na,yes,yes,yes,na,na,,slide-workspace/fill-final-2026-09-24/presentations/pilot-ii-pomoschnika-po-vnutrennim-reglamentam-20260924-234736/exports/slide-1.png
VK_WorkSpace_Клиентская_конференция_Шаблон_03.pptx,columns,2,Проблема и нагрузка,no,yes,yes,yes,yes,yes,yes,yes,yes,na,yes,topic_heading_not_claim,slide-workspace/fill-final-2026-09-24/presentations/pilot-ii-pomoschnika-po-vnutrennim-reglamentam-20260924-234736/exports/slide-2.png
VK_WorkSpace_Клиентская_конференция_Шаблон_03.pptx,columns,3,Сотрудник и специалист поддержки,no,yes,yes,yes,yes,yes,yes,yes,yes,na,yes,topic_heading_not_claim;narrow_image_text_column,slide-workspace/fill-final-2026-09-24/presentations/pilot-ii-pomoschnika-po-vnutrennim-reglamentam-20260924-234736/exports/slide-3.png
VK_WorkSpace_Клиентская_конференция_Шаблон_03.pptx,columns,4,Предлагаемое решение,no,yes,yes,yes,yes,yes,yes,yes,yes,na,yes,topic_heading_not_claim,slide-workspace/fill-final-2026-09-24/presentations/pilot-ii-pomoschnika-po-vnutrennim-reglamentam-20260924-234736/exports/slide-4.png
VK_WorkSpace_Клиентская_конференция_Шаблон_03.pptx,columns,5,Путь обращения,no,yes,yes,yes,yes,yes,yes,yes,yes,na,yes,topic_heading_not_claim,slide-workspace/fill-final-2026-09-24/presentations/pilot-ii-pomoschnika-po-vnutrennim-reglamentam-20260924-234736/exports/slide-5.png
VK_WorkSpace_Клиентская_конференция_Шаблон_03.pptx,columns,6,Внутренний контур и риски,no,yes,yes,yes,yes,yes,yes,yes,yes,na,yes,topic_heading_not_claim;narrow_image_text_column,slide-workspace/fill-final-2026-09-24/presentations/pilot-ii-pomoschnika-po-vnutrennim-reglamentam-20260924-234736/exports/slide-6.png
VK_WorkSpace_Клиентская_конференция_Шаблон_03.pptx,columns,7,Границы пилота,no,yes,yes,yes,yes,yes,yes,yes,yes,na,yes,topic_heading_not_claim,slide-workspace/fill-final-2026-09-24/presentations/pilot-ii-pomoschnika-po-vnutrennim-reglamentam-20260924-234736/exports/slide-7.png
VK_WorkSpace_Клиентская_конференция_Шаблон_03.pptx,columns,8,Критерии успеха,no,yes,yes,yes,yes,yes,yes,yes,yes,na,yes,topic_heading_not_claim,slide-workspace/fill-final-2026-09-24/presentations/pilot-ii-pomoschnika-po-vnutrennim-reglamentam-20260924-234736/exports/slide-8.png
VK_WorkSpace_Клиентская_конференция_Шаблон_03.pptx,columns,9,Решение и команда,no,yes,yes,yes,yes,yes,yes,yes,yes,na,yes,topic_heading_not_claim,slide-workspace/fill-final-2026-09-24/presentations/pilot-ii-pomoschnika-po-vnutrennim-reglamentam-20260924-234736/exports/slide-9.png
VK_WorkSpace_Клиентская_конференция_Шаблон_03.pptx,columns,10,Спасибо,na,yes,na,na,na,na,yes,yes,yes,na,na,,slide-workspace/fill-final-2026-09-24/presentations/pilot-ii-pomoschnika-po-vnutrennim-reglamentam-20260924-234736/exports/slide-10.png
VK_WorkSpace_Клиентская_конференция_Шаблон_03.pptx,focus,1,Пилот ИИ-помощника по внутренним регламентам,na,yes,na,yes,na,na,yes,yes,yes,na,na,,slide-workspace/fill-final-2026-09-24/presentations/pilot-ii-pomoschnika-po-vnutrennim-reglamentam-20260924-234812/exports/slide-1.png
VK_WorkSpace_Клиентская_конференция_Шаблон_03.pptx,focus,2,Проблема и нагрузка,no,yes,yes,yes,yes,yes,yes,yes,yes,na,yes,topic_heading_not_claim,slide-workspace/fill-final-2026-09-24/presentations/pilot-ii-pomoschnika-po-vnutrennim-reglamentam-20260924-234812/exports/slide-2.png
VK_WorkSpace_Клиентская_конференция_Шаблон_03.pptx,focus,3,Сотрудник и специалист поддержки,no,yes,yes,yes,yes,yes,yes,yes,yes,na,yes,topic_heading_not_claim;narrow_image_text_column,slide-workspace/fill-final-2026-09-24/presentations/pilot-ii-pomoschnika-po-vnutrennim-reglamentam-20260924-234812/exports/slide-3.png
VK_WorkSpace_Клиентская_конференция_Шаблон_03.pptx,focus,4,Предлагаемое решение,no,yes,yes,yes,yes,yes,yes,yes,yes,na,yes,topic_heading_not_claim,slide-workspace/fill-final-2026-09-24/presentations/pilot-ii-pomoschnika-po-vnutrennim-reglamentam-20260924-234812/exports/slide-4.png
VK_WorkSpace_Клиентская_конференция_Шаблон_03.pptx,focus,5,Путь обращения,no,yes,yes,yes,yes,yes,yes,yes,yes,na,yes,topic_heading_not_claim,slide-workspace/fill-final-2026-09-24/presentations/pilot-ii-pomoschnika-po-vnutrennim-reglamentam-20260924-234812/exports/slide-5.png
VK_WorkSpace_Клиентская_конференция_Шаблон_03.pptx,focus,6,Внутренний контур и риски,no,yes,yes,yes,yes,yes,yes,yes,yes,na,yes,topic_heading_not_claim;narrow_image_text_column,slide-workspace/fill-final-2026-09-24/presentations/pilot-ii-pomoschnika-po-vnutrennim-reglamentam-20260924-234812/exports/slide-6.png
VK_WorkSpace_Клиентская_конференция_Шаблон_03.pptx,focus,7,Границы пилота,no,yes,yes,yes,yes,yes,yes,yes,yes,na,yes,topic_heading_not_claim,slide-workspace/fill-final-2026-09-24/presentations/pilot-ii-pomoschnika-po-vnutrennim-reglamentam-20260924-234812/exports/slide-7.png
VK_WorkSpace_Клиентская_конференция_Шаблон_03.pptx,focus,8,Критерии успеха,no,yes,yes,yes,yes,yes,yes,yes,yes,na,yes,topic_heading_not_claim,slide-workspace/fill-final-2026-09-24/presentations/pilot-ii-pomoschnika-po-vnutrennim-reglamentam-20260924-234812/exports/slide-8.png
VK_WorkSpace_Клиентская_конференция_Шаблон_03.pptx,focus,9,Решение и команда,no,yes,yes,yes,yes,yes,yes,yes,yes,na,yes,topic_heading_not_claim,slide-workspace/fill-final-2026-09-24/presentations/pilot-ii-pomoschnika-po-vnutrennim-reglamentam-20260924-234812/exports/slide-9.png
VK_WorkSpace_Клиентская_конференция_Шаблон_03.pptx,focus,10,Спасибо,na,yes,na,na,na,na,yes,yes,yes,na,na,,slide-workspace/fill-final-2026-09-24/presentations/pilot-ii-pomoschnika-po-vnutrennim-reglamentam-20260924-234812/exports/slide-10.png
Шаблон презентации VK Education.pptx,balanced,1,Пилот ИИ-помощника по внутренним регламентам,na,yes,na,yes,na,na,yes,yes,yes,na,na,,slide-workspace/fill-final-2026-09-24/presentations/pilot-ii-pomoschnika-po-vnutrennim-reglamentam-20260924-234856/exports/slide-1.png
Шаблон презентации VK Education.pptx,balanced,2,Проблема и нагрузка,no,yes,yes,yes,yes,yes,yes,yes,yes,na,yes,topic_heading_not_claim,slide-workspace/fill-final-2026-09-24/presentations/pilot-ii-pomoschnika-po-vnutrennim-reglamentam-20260924-234856/exports/slide-2.png
Шаблон презентации VK Education.pptx,balanced,3,Сотрудник и специалист поддержки,no,yes,yes,yes,yes,yes,yes,yes,yes,na,yes,topic_heading_not_claim,slide-workspace/fill-final-2026-09-24/presentations/pilot-ii-pomoschnika-po-vnutrennim-reglamentam-20260924-234856/exports/slide-3.png
Шаблон презентации VK Education.pptx,balanced,4,Предлагаемое решение,no,yes,yes,yes,yes,yes,yes,yes,yes,na,yes,topic_heading_not_claim,slide-workspace/fill-final-2026-09-24/presentations/pilot-ii-pomoschnika-po-vnutrennim-reglamentam-20260924-234856/exports/slide-4.png
Шаблон презентации VK Education.pptx,balanced,5,Путь обращения,no,yes,yes,yes,yes,yes,yes,yes,yes,na,yes,topic_heading_not_claim,slide-workspace/fill-final-2026-09-24/presentations/pilot-ii-pomoschnika-po-vnutrennim-reglamentam-20260924-234856/exports/slide-5.png
Шаблон презентации VK Education.pptx,balanced,6,Внутренний контур и риски,no,yes,yes,yes,yes,yes,yes,yes,yes,na,yes,topic_heading_not_claim,slide-workspace/fill-final-2026-09-24/presentations/pilot-ii-pomoschnika-po-vnutrennim-reglamentam-20260924-234856/exports/slide-6.png
Шаблон презентации VK Education.pptx,balanced,7,Границы пилота,no,yes,yes,yes,yes,yes,yes,yes,yes,na,yes,topic_heading_not_claim,slide-workspace/fill-final-2026-09-24/presentations/pilot-ii-pomoschnika-po-vnutrennim-reglamentam-20260924-234856/exports/slide-7.png
Шаблон презентации VK Education.pptx,balanced,8,Критерии успеха,no,yes,yes,yes,yes,yes,yes,yes,yes,na,yes,topic_heading_not_claim,slide-workspace/fill-final-2026-09-24/presentations/pilot-ii-pomoschnika-po-vnutrennim-reglamentam-20260924-234856/exports/slide-8.png
Шаблон презентации VK Education.pptx,balanced,9,Решение и команда,no,yes,yes,yes,yes,yes,yes,yes,yes,na,yes,topic_heading_not_claim,slide-workspace/fill-final-2026-09-24/presentations/pilot-ii-pomoschnika-po-vnutrennim-reglamentam-20260924-234856/exports/slide-9.png
Шаблон презентации VK Education.pptx,balanced,10,Спасибо,na,yes,na,na,na,no,no,yes,yes,na,na,unexplained_template_qr,slide-workspace/fill-final-2026-09-24/presentations/pilot-ii-pomoschnika-po-vnutrennim-reglamentam-20260924-234856/exports/slide-10.png
Шаблон презентации VK Education.pptx,columns,1,Пилот ИИ-помощника по внутренним регламентам,na,yes,na,yes,na,na,yes,yes,yes,na,na,,slide-workspace/fill-final-2026-09-24/presentations/pilot-ii-pomoschnika-po-vnutrennim-reglamentam-20260924-234924/exports/slide-1.png
Шаблон презентации VK Education.pptx,columns,2,Проблема и нагрузка,no,yes,yes,yes,yes,yes,yes,yes,yes,na,yes,topic_heading_not_claim,slide-workspace/fill-final-2026-09-24/presentations/pilot-ii-pomoschnika-po-vnutrennim-reglamentam-20260924-234924/exports/slide-2.png
Шаблон презентации VK Education.pptx,columns,3,Сотрудник и специалист поддержки,no,yes,yes,yes,yes,yes,yes,yes,yes,na,yes,topic_heading_not_claim,slide-workspace/fill-final-2026-09-24/presentations/pilot-ii-pomoschnika-po-vnutrennim-reglamentam-20260924-234924/exports/slide-3.png
Шаблон презентации VK Education.pptx,columns,4,Предлагаемое решение,no,yes,yes,yes,yes,yes,yes,yes,yes,na,yes,topic_heading_not_claim,slide-workspace/fill-final-2026-09-24/presentations/pilot-ii-pomoschnika-po-vnutrennim-reglamentam-20260924-234924/exports/slide-4.png
Шаблон презентации VK Education.pptx,columns,5,Путь обращения,no,yes,yes,yes,yes,yes,yes,yes,yes,na,yes,topic_heading_not_claim,slide-workspace/fill-final-2026-09-24/presentations/pilot-ii-pomoschnika-po-vnutrennim-reglamentam-20260924-234924/exports/slide-5.png
Шаблон презентации VK Education.pptx,columns,6,Внутренний контур и риски,no,yes,yes,yes,yes,yes,yes,yes,yes,na,yes,topic_heading_not_claim,slide-workspace/fill-final-2026-09-24/presentations/pilot-ii-pomoschnika-po-vnutrennim-reglamentam-20260924-234924/exports/slide-6.png
Шаблон презентации VK Education.pptx,columns,7,Границы пилота,no,yes,yes,yes,yes,yes,yes,yes,yes,na,yes,topic_heading_not_claim,slide-workspace/fill-final-2026-09-24/presentations/pilot-ii-pomoschnika-po-vnutrennim-reglamentam-20260924-234924/exports/slide-7.png
Шаблон презентации VK Education.pptx,columns,8,Критерии успеха,no,yes,yes,yes,yes,yes,yes,yes,yes,na,yes,topic_heading_not_claim,slide-workspace/fill-final-2026-09-24/presentations/pilot-ii-pomoschnika-po-vnutrennim-reglamentam-20260924-234924/exports/slide-8.png
Шаблон презентации VK Education.pptx,columns,9,Решение и команда,no,yes,yes,yes,yes,yes,yes,yes,yes,na,yes,topic_heading_not_claim,slide-workspace/fill-final-2026-09-24/presentations/pilot-ii-pomoschnika-po-vnutrennim-reglamentam-20260924-234924/exports/slide-9.png
Шаблон презентации VK Education.pptx,columns,10,Спасибо,na,yes,na,na,na,no,no,yes,yes,na,na,unexplained_template_qr,slide-workspace/fill-final-2026-09-24/presentations/pilot-ii-pomoschnika-po-vnutrennim-reglamentam-20260924-234924/exports/slide-10.png
Шаблон презентации VK Education.pptx,focus,1,Пилот ИИ-помощника по внутренним регламентам,na,yes,na,yes,na,na,yes,yes,yes,na,na,,slide-workspace/fill-final-2026-09-24/presentations/pilot-ii-pomoschnika-po-vnutrennim-reglamentam-20260924-234954/exports/slide-1.png
Шаблон презентации VK Education.pptx,focus,2,Проблема и нагрузка,no,yes,yes,yes,yes,yes,yes,yes,yes,na,yes,topic_heading_not_claim,slide-workspace/fill-final-2026-09-24/presentations/pilot-ii-pomoschnika-po-vnutrennim-reglamentam-20260924-234954/exports/slide-2.png
Шаблон презентации VK Education.pptx,focus,3,Сотрудник и специалист поддержки,no,yes,yes,yes,yes,yes,yes,yes,yes,na,yes,topic_heading_not_claim,slide-workspace/fill-final-2026-09-24/presentations/pilot-ii-pomoschnika-po-vnutrennim-reglamentam-20260924-234954/exports/slide-3.png
Шаблон презентации VK Education.pptx,focus,4,Предлагаемое решение,no,yes,yes,yes,yes,yes,yes,yes,yes,na,yes,topic_heading_not_claim,slide-workspace/fill-final-2026-09-24/presentations/pilot-ii-pomoschnika-po-vnutrennim-reglamentam-20260924-234954/exports/slide-4.png
Шаблон презентации VK Education.pptx,focus,5,Путь обращения,no,yes,yes,yes,yes,yes,yes,yes,yes,na,yes,topic_heading_not_claim,slide-workspace/fill-final-2026-09-24/presentations/pilot-ii-pomoschnika-po-vnutrennim-reglamentam-20260924-234954/exports/slide-5.png
Шаблон презентации VK Education.pptx,focus,6,Внутренний контур и риски,no,yes,yes,yes,yes,yes,yes,yes,yes,na,yes,topic_heading_not_claim,slide-workspace/fill-final-2026-09-24/presentations/pilot-ii-pomoschnika-po-vnutrennim-reglamentam-20260924-234954/exports/slide-6.png
Шаблон презентации VK Education.pptx,focus,7,Границы пилота,no,yes,yes,yes,yes,yes,yes,yes,yes,na,yes,topic_heading_not_claim,slide-workspace/fill-final-2026-09-24/presentations/pilot-ii-pomoschnika-po-vnutrennim-reglamentam-20260924-234954/exports/slide-7.png
Шаблон презентации VK Education.pptx,focus,8,Критерии успеха,no,yes,yes,yes,yes,yes,yes,yes,yes,na,yes,topic_heading_not_claim,slide-workspace/fill-final-2026-09-24/presentations/pilot-ii-pomoschnika-po-vnutrennim-reglamentam-20260924-234954/exports/slide-8.png
Шаблон презентации VK Education.pptx,focus,9,Решение и команда,no,yes,yes,yes,yes,yes,yes,yes,yes,na,yes,topic_heading_not_claim,slide-workspace/fill-final-2026-09-24/presentations/pilot-ii-pomoschnika-po-vnutrennim-reglamentam-20260924-234954/exports/slide-9.png
Шаблон презентации VK Education.pptx,focus,10,Спасибо,na,yes,na,na,na,no,no,yes,yes,na,na,unexplained_template_qr,slide-workspace/fill-final-2026-09-24/presentations/pilot-ii-pomoschnika-po-vnutrennim-reglamentam-20260924-234954/exports/slide-10.png
